"strain","epsilon","epsilon.sd","K","K.sd"
"C",0.251349881839386,0.133952502750195,175220.802919708,0
"E",3.16327986827194,2.19795009536787,18202.7064220183,0
"M",4.93246748754499,2.6188944495356,15846.7741935484,0
"P",46.6153622244492,6.49128120297077,44604.3442364869,27189.7825580212
"S",1.39296297120166,0.645972606440103,20570.2325581395,0
"T",5.77551407498509,0.849955394005977,149880.668257757,0
